,sim_time,weekday,bed_utilisation,primary_arrivals,revision_arrivals,primary_bed_queue,revision_bed_queue,primary_mean_los,revision_mean_los,run
0,14,6,0.6086956521739131,0,0,0.03274179262662817,0.0543298443488934,4.3,4.22,1
1,15,0,0.8695652173913043,16,2,0.029153650968915493,0.05139309600570997,4.25,4.45,1
2,16,1,0.9130434782608695,10,5,0.03005600556545774,0.05968035666913768,4.13,3.92,1
3,17,2,0.8260869565217391,8,6,0.030591568197928944,0.06354729990480022,4.26,3.43,1
4,18,3,0.8913043478260869,18,1,0.035293084946590905,0.06266045425168836,4.11,3.36,1
5,19,4,0.8478260869565217,12,4,0.037479923388171896,0.06857486747597372,4.25,3.1,1
6,20,5,0.6956521739130435,0,0,0.037479923388171896,0.06857486747597372,4.25,3.1,1
7,21,6,0.5217391304347826,0,0,0.037479923388171896,0.06857486747597372,4.25,3.1,1
8,22,0,0.8043478260869565,8,6,0.03599556998666014,0.06160115213943402,4.38,4.23,1
9,23,1,0.9565217391304348,8,6,0.034624310177644516,0.06737739747355437,4.42,4.24,1
10,24,2,0.8913043478260869,12,4,0.039735976981244564,0.07065643032369832,4.41,4.0,1
11,25,3,0.8913043478260869,12,4,0.04169692607757911,0.07574474346979619,4.35,3.87,1
12,26,4,0.9130434782608695,8,6,0.04106559392139491,0.08236137281255032,4.37,3.68,1
13,27,5,0.8260869565217391,0,0,0.04106559392139491,0.08236137281255032,4.37,3.68,1
14,28,6,0.6521739130434783,0,0,0.04106559392139491,0.08236137281255032,4.37,3.68,1
15,29,0,0.9130434782608695,12,4,0.03912548712195893,0.07839215002640332,4.39,3.86,1
16,30,1,0.9347826086956522,10,5,0.039653034150007704,0.08051109253445578,4.29,3.64,1
17,31,2,0.9347826086956522,14,3,0.04201856049921317,0.08330664562632552,4.17,3.52,1
18,32,3,0.8260869565217391,16,2,0.04302863828008314,0.08514238788906506,4.04,3.45,1
19,33,4,0.8913043478260869,8,6,0.04188880680246504,0.08776631546274176,4.35,3.29,1
20,34,5,0.7608695652173914,0,0,0.04188880680246504,0.08776631546274176,4.35,3.29,1
21,35,6,0.5869565217391305,0,0,0.04188880680246504,0.08776631546274176,4.35,3.29,1
22,36,0,0.8478260869565217,10,5,0.040546216840847575,0.08354678106549455,4.38,3.65,1
23,37,1,0.8478260869565217,18,1,0.04160382016636273,0.0832562328033012,4.23,3.61,1
24,38,2,0.9347826086956522,12,4,0.04217888052750738,0.08616352835430958,4.22,3.48,1
25,39,3,0.8478260869565217,12,4,0.043486645388931315,0.08761935437104218,4.12,3.36,1
26,40,4,0.9347826086956522,14,3,0.04520417578085896,0.08881210441560598,4.15,3.27,1
27,41,5,0.8043478260869565,0,0,0.04520417578085896,0.08881210441560598,4.15,3.27,1
0,14,6,0.5,0,0,0.03922747154864843,0.09184839338365132,4.46,3.84,2
1,15,0,0.7608695652173914,16,2,0.03492857055701573,0.0868836153629134,4.62,4.03,2
2,16,1,0.9130434782608695,10,5,0.032689559623873696,0.08446741226280326,4.74,3.97,2
3,17,2,0.9782608695652174,8,6,0.033155315385832225,0.08741153504180758,4.64,3.48,2
4,18,3,0.8695652173913043,18,1,0.037212895692872595,0.08596215816547795,4.24,3.41,2
5,19,4,0.8695652173913043,12,4,0.03838093668731735,0.08708953045748832,4.31,3.15,2
6,20,5,0.8043478260869565,0,0,0.03838093668731735,0.08708953045748832,4.31,3.15,2
7,21,6,0.6304347826086957,0,0,0.03838093668731735,0.08708953045748832,4.31,3.15,2
8,22,0,0.8260869565217391,8,6,0.03686089959078993,0.07823296803808273,4.33,3.9,2
9,23,1,0.8913043478260869,8,6,0.03545667484447412,0.07699613261669465,4.38,4.0,2
10,24,2,0.9782608695652174,12,4,0.0371076810819056,0.08108963039832577,4.54,3.76,2
11,25,3,0.9565217391304348,12,4,0.04226745874881323,0.08241309414738274,4.33,3.56,2
12,26,4,0.8695652173913043,8,6,0.04333866544711483,0.08427957014065499,4.22,3.29,2
13,27,5,0.6956521739130435,0,0,0.04333866544711483,0.08427957014065499,4.22,3.29,2
14,28,6,0.5,0,0,0.04333866544711483,0.08427957014065499,4.22,3.29,2
15,29,0,0.7608695652173914,12,4,0.04129116944173932,0.08021790410978005,4.38,3.5,2
16,30,1,0.9565217391304348,10,5,0.03972710999318859,0.0811293526411926,4.41,3.5,2
17,31,2,0.9565217391304348,14,3,0.04044676796200609,0.08249701293168982,4.35,3.39,2
18,32,3,0.9130434782608695,16,2,0.04543627166183417,0.0846047711604898,4.2,3.31,2
19,33,4,0.9130434782608695,8,6,0.04497660080916179,0.08547084681952045,4.22,3.11,2
20,34,5,0.782608695652174,0,0,0.04497660080916179,0.08547084681952045,4.22,3.11,2
21,35,6,0.6521739130434783,0,0,0.04497660080916179,0.08547084681952045,4.22,3.11,2
22,36,0,0.7391304347826086,10,5,0.04353504309091943,0.08136167149165889,4.26,3.53,2
23,37,1,0.9782608695652174,18,1,0.043193702764928794,0.08141371069941224,4.18,3.5,2
24,38,2,0.8913043478260869,12,4,0.045490733930703214,0.08388328548039968,4.06,3.37,2
25,39,3,0.8695652173913043,12,4,0.04664052367317534,0.08487359329725315,4.03,3.25,2
26,40,4,0.8913043478260869,14,3,0.04657378978761035,0.08567465043292725,4.0,3.16,2
27,41,5,0.6521739130434783,0,0,0.04657378978761035,0.08567465043292725,4.0,3.16,2
0,14,6,0.5434782608695652,0,0,0.04277828690878537,0.07247300499314525,4.05,3.89,3
1,15,0,0.8260869565217391,16,2,0.0380902554667267,0.06855554526378606,4.31,3.9,3
2,16,1,0.8695652173913043,10,5,0.0362468722229282,0.07861665585680509,4.22,3.54,3
3,17,2,0.8695652173913043,8,6,0.0352442282901804,0.08307737438106337,4.2,3.26,3
4,18,3,0.8478260869565217,18,1,0.03791189322757041,0.08176149612088798,4.05,3.19,3
5,19,4,0.8260869565217391,12,4,0.03793822993589584,0.08470922908353967,4.02,2.95,3
6,20,5,0.7608695652173914,0,0,0.03793822993589584,0.08470922908353967,4.02,2.95,3
7,21,6,0.5869565217391305,0,0,0.03793822993589584,0.08470922908353967,4.02,2.95,3
8,22,0,0.8478260869565217,8,6,0.036435725780018774,0.07609473121063733,4.06,3.42,3
9,23,1,0.9565217391304348,8,6,0.035650478462407736,0.08284376792463023,4.05,3.34,3
10,24,2,0.9130434782608695,12,4,0.04054792962990708,0.08570695157440957,3.93,3.14,3
11,25,3,0.7608695652173914,12,4,0.04092189194790959,0.08842766814462198,3.9,2.97,3
12,26,4,0.9347826086956522,8,6,0.03956910213144977,0.08503059736160305,3.96,3.17,3
13,27,5,0.782608695652174,0,0,0.03956910213144977,0.08503059736160305,3.96,3.17,3
14,28,6,0.6521739130434783,0,0,0.03956910213144977,0.08503059736160305,3.96,3.17,3
15,29,0,0.8260869565217391,12,4,0.03769969573153876,0.08093273724779086,4.07,3.85,3
16,30,1,0.9347826086956522,10,5,0.037323287184167386,0.08357552994930467,4.03,3.63,3
17,31,2,0.8478260869565217,14,3,0.040746593461039975,0.08630087539073956,3.9,3.51,3
18,32,3,0.9347826086956522,16,2,0.04193715542704723,0.08551227591536581,3.8,3.43,3
19,33,4,0.8260869565217391,8,6,0.04132565872197893,0.0889253113429722,3.81,3.22,3
20,34,5,0.6304347826086957,0,0,0.04132565872197893,0.0889253113429722,3.81,3.22,3
21,35,6,0.391304347826087,0,0,0.04132565872197893,0.0889253113429722,3.81,3.22,3
22,36,0,0.5652173913043478,10,5,0.040001118378325755,0.0846500559899447,3.87,3.58,3
23,37,1,0.9347826086956522,18,1,0.037819239194053444,0.08384386498051664,4.08,3.65,3
24,38,2,0.9782608695652174,12,4,0.039816785457618825,0.08516049218263151,4.0,3.51,3
25,39,3,0.8478260869565217,12,4,0.043673466416774186,0.08861661881793745,3.88,3.39,3
26,40,4,0.8695652173913043,14,3,0.04498925635047645,0.08820041600802107,3.83,3.3,3
27,41,5,0.6521739130434783,0,0,0.04498925635047645,0.08820041600802107,3.83,3.3,3
0,14,6,0.5,0,0,0.03384676241809855,0.07704661616246337,4.35,2.92,4
1,15,0,0.8043478260869565,16,2,0.03013752818049871,0.07288193420773562,4.52,3.1,4
2,16,1,0.8695652173913043,10,5,0.02898867944190682,0.07997163627181732,4.48,2.73,4
3,17,2,0.8695652173913043,8,6,0.028694134914928924,0.08542225889059092,4.4,2.85,4
4,18,3,0.8260869565217391,18,1,0.03176803297483112,0.08495470650060072,4.2,2.79,4
5,19,4,0.8043478260869565,12,4,0.030902661664894755,0.08555319025189159,4.22,2.58,4
6,20,5,0.6521739130434783,0,0,0.030902661664894755,0.08555319025189159,4.22,2.58,4
7,21,6,0.5,0,0,0.030902661664894755,0.08555319025189159,4.22,2.58,4
8,22,0,0.6739130434782609,8,6,0.029678793876186053,0.07685286581949584,4.26,3.02,4
9,23,1,0.8913043478260869,8,6,0.02854817315709325,0.06975875512846545,4.4,4.2,4
10,24,2,0.9782608695652174,12,4,0.031201259423027428,0.06937546263411151,4.25,3.96,4
11,25,3,0.9347826086956522,12,4,0.034944674249333084,0.06978511365212535,4.07,3.74,4
12,26,4,0.8695652173913043,8,6,0.035197188145538884,0.07426703855908912,4.0,3.46,4
13,27,5,0.5652173913043478,0,0,0.035197188145538884,0.07426703855908912,4.0,3.46,4
14,28,6,0.5217391304347826,0,0,0.035197188145538884,0.07426703855908912,4.0,3.46,4
15,29,0,0.8260869565217391,12,4,0.03353432886307248,0.07068790417069928,4.17,3.67,4
16,30,1,0.9565217391304348,10,5,0.0330803945801785,0.07360500582518993,4.29,3.46,4
17,31,2,0.8260869565217391,14,3,0.036556082427105445,0.07665874752011824,4.12,3.34,4
18,32,3,0.9130434782608695,16,2,0.03797380288976757,0.07755571461509345,3.98,3.27,4
19,33,4,0.8695652173913043,8,6,0.03794123591041259,0.07819640813956295,3.96,3.07,4
20,34,5,0.7391304347826086,0,0,0.03794123591041259,0.07819640813956295,3.96,3.07,4
21,35,6,0.5652173913043478,0,0,0.03794123591041259,0.07819640813956295,3.96,3.07,4
22,36,0,0.782608695652174,10,5,0.036725170656873724,0.07443696544054551,4.06,3.56,4
23,37,1,0.9347826086956522,18,1,0.03797415321915566,0.07561686514222961,3.98,3.52,4
24,38,2,0.8913043478260869,12,4,0.03932547606749446,0.07792449244452003,3.94,3.39,4
25,39,3,0.8043478260869565,12,4,0.03957213126124134,0.08166632618394681,3.91,3.27,4
26,40,4,0.9130434782608695,14,3,0.03940232602835367,0.08391318358203757,3.9,3.19,4
27,41,5,0.8043478260869565,0,0,0.03940232602835367,0.08391318358203757,3.9,3.19,4
0,14,6,0.6086956521739131,0,0,0.03918265954619094,0.05840976464773162,3.66,5.35,5
1,15,0,0.8478260869565217,16,2,0.034888669458937135,0.05525248007217856,4.04,5.43,5
2,16,1,0.9347826086956522,10,5,0.03457229459987909,0.05533696915453016,3.97,4.78,5
3,17,2,0.8695652173913043,8,6,0.036650199326564964,0.06788796982959355,3.97,4.18,5
4,18,3,0.8260869565217391,18,1,0.04224532853921253,0.07105678313617199,3.9,4.1,5
5,19,4,0.9782608695652174,12,4,0.04114329357746652,0.07121413926378461,3.97,3.79,5
6,20,5,0.8043478260869565,0,0,0.04114329357746652,0.07121413926378461,3.97,3.79,5
7,21,6,0.5652173913043478,0,0,0.04114329357746652,0.07121413926378461,3.97,3.79,5
8,22,0,0.6956521739130435,8,6,0.03951385620806191,0.06397202340645058,4.01,4.11,5
9,23,1,0.9347826086956522,8,6,0.038008566447754785,0.058066913553547456,4.01,4.76,5
10,24,2,0.9565217391304348,12,4,0.03921228528709757,0.06134089202204955,3.85,4.48,5
11,25,3,0.8260869565217391,12,4,0.042739266756091264,0.06540210487904523,3.68,4.24,5
12,26,4,0.9565217391304348,8,6,0.041326398433575856,0.06701911846449875,3.76,4.02,5
13,27,5,0.717391304347826,0,0,0.041326398433575856,0.06701911846449875,3.76,4.02,5
14,28,6,0.5869565217391305,0,0,0.041326398433575856,0.06701911846449875,3.76,4.02,5
15,29,0,0.782608695652174,12,4,0.03937397016112345,0.06378928143006507,3.79,4.12,5
16,30,1,0.9347826086956522,10,5,0.03788253189744453,0.06264547462234123,3.92,3.97,5
17,31,2,0.9347826086956522,14,3,0.04061310142475141,0.06574021378744949,3.82,3.91,5
18,32,3,0.9347826086956522,16,2,0.043160549446493834,0.06842645183653558,3.67,3.82,5
19,33,4,0.8260869565217391,8,6,0.04370950422610383,0.06935594918001442,3.64,3.59,5
20,34,5,0.5869565217391305,0,0,0.04370950422610383,0.06935594918001442,3.64,3.59,5
21,35,6,0.45652173913043476,0,0,0.04370950422610383,0.06935594918001442,3.64,3.59,5
22,36,0,0.6521739130434783,10,5,0.04230855857783128,0.06602152854635988,3.73,3.85,5
23,37,1,0.9130434782608695,18,1,0.04056649836056755,0.0666600605498914,3.75,3.81,5
24,38,2,0.9347826086956522,12,4,0.04122927207287555,0.0719080049962115,3.86,3.67,5
25,39,3,0.8695652173913043,12,4,0.04176255105209742,0.07378269864594704,3.8,3.54,5
26,40,4,0.782608695652174,14,3,0.04230204352138787,0.07451080286518394,3.83,3.45,5
27,41,5,0.6304347826086957,0,0,0.04230204352138787,0.07451080286518394,3.83,3.45,5
0,14,6,0.34782608695652173,0,0,0.04113479515791026,0.057315687280122596,3.3,4.08,6
1,15,0,0.5869565217391305,16,2,0.036626872400879,0.05421754202173759,3.41,4.32,6
2,16,1,0.8478260869565217,10,5,0.034278995964925216,0.0477630727334355,3.42,4.83,6
3,17,2,1.0,8,6,0.032911679638149983,0.05733608497642242,3.41,4.34,6
4,18,3,0.8043478260869565,18,1,0.04131630402610563,0.05948790661993782,3.13,4.25,6
5,19,4,0.8478260869565217,12,4,0.03957278789274713,0.06375959406560323,3.4,4.14,6
6,20,5,0.6956521739130435,0,0,0.03957278789274713,0.06375959406560323,3.4,4.14,6
7,21,6,0.5217391304347826,0,0,0.03957278789274713,0.06375959406560323,3.4,4.14,6
8,22,0,0.6521739130434783,8,6,0.038005548768281903,0.057275567550457145,3.4,4.71,6
9,23,1,0.8260869565217391,8,6,0.03655771833901402,0.0519885920842611,3.58,4.96,6
10,24,2,0.9130434782608695,12,4,0.03562434236893341,0.054186956640380486,3.59,4.67,6
11,25,3,0.8478260869565217,12,4,0.03879355498425128,0.05509781847769924,3.49,4.42,6
12,26,4,0.9347826086956522,8,6,0.03759915331037383,0.05908863912888849,3.67,4.21,6
13,27,5,0.8260869565217391,0,0,0.03759915331037383,0.05908863912888849,3.67,4.21,6
14,28,6,0.6739130434782609,0,0,0.03759915331037383,0.05908863912888849,3.67,4.21,6
15,29,0,0.8260869565217391,12,4,0.035822815358702624,0.05705560373119146,3.66,4.63,6
16,30,1,0.8478260869565217,10,5,0.03579642608097952,0.05882462614343201,3.64,4.37,6
17,31,2,0.9130434782608695,14,3,0.0370248018513609,0.06128735568267404,3.67,4.22,6
18,32,3,0.8478260869565217,16,2,0.03988164602665575,0.06185349637029631,3.63,4.13,6
19,33,4,0.8478260869565217,8,6,0.038869170774871946,0.06647499611708715,3.64,3.98,6
20,34,5,0.6956521739130435,0,0,0.038869170774871946,0.06647499611708715,3.64,3.98,6
21,35,6,0.5434782608695652,0,0,0.038869170774871946,0.06647499611708715,3.64,3.98,6
22,36,0,0.7608695652173914,10,5,0.03762336401926707,0.06327908284222719,3.83,4.34,6
23,37,1,0.8260869565217391,18,1,0.038080705855330584,0.06352422514247974,4.04,4.3,6
24,38,2,1.0,12,4,0.037291782580536684,0.06687605636574352,3.97,4.14,6
25,39,3,0.8260869565217391,12,4,0.04040496170397139,0.06776271295224601,3.83,3.99,6
26,40,4,0.8913043478260869,14,3,0.040977801096760864,0.06939388538787278,3.77,3.89,6
27,41,5,0.717391304347826,0,0,0.040977801096760864,0.06939388538787278,3.77,3.89,6
0,14,6,0.5217391304347826,0,0,0.05251714086793842,0.05185770410183985,4.72,3.17,7
1,15,0,0.7608695652173914,16,2,0.04676183775912325,0.049054584961199854,5.22,3.3,7
2,16,1,0.8913043478260869,10,5,0.04376428405661535,0.0477245473109053,5.17,3.07,7
3,17,2,0.9565217391304348,8,6,0.0433787872802309,0.06005044748119064,5.06,3.1,7
4,18,3,0.8913043478260869,18,1,0.04888631636085408,0.05888280289940528,4.96,3.03,7
5,19,4,0.8260869565217391,12,4,0.04978111364872131,0.06379769527463823,5.02,2.8,7
6,20,5,0.6956521739130435,0,0,0.04978111364872131,0.06379769527463823,5.02,2.8,7
7,21,6,0.5652173913043478,0,0,0.04978111364872131,0.06379769527463823,5.02,2.8,7
8,22,0,0.717391304347826,8,6,0.0478095843953066,0.05730979406026824,4.97,3.44,7
9,23,1,0.9347826086956522,8,6,0.045988266894533024,0.05290953849560444,4.98,3.91,7
10,24,2,0.9782608695652174,12,4,0.04784683644748978,0.05928642838610862,4.76,3.68,7
11,25,3,0.8260869565217391,12,4,0.04932258578864875,0.06482112593840858,4.54,3.64,7
12,26,4,0.9782608695652174,8,6,0.04769208708489177,0.06579053918828398,4.52,3.55,7
13,27,5,0.8478260869565217,0,0,0.04769208708489177,0.06579053918828398,4.52,3.55,7
14,28,6,0.6521739130434783,0,0,0.04769208708489177,0.06579053918828398,4.52,3.55,7
15,29,0,0.9347826086956522,12,4,0.0454389176163142,0.06261991079366788,4.82,3.88,7
16,30,1,0.8695652173913043,10,5,0.04630544535504932,0.0647054678952952,4.83,3.66,7
17,31,2,0.9347826086956522,14,3,0.047583074263827,0.06567746227104662,4.67,3.53,7
18,32,3,0.9565217391304348,16,2,0.05013060410742505,0.0675372526314396,4.48,3.46,7
19,33,4,0.8913043478260869,8,6,0.049959910314302594,0.0720076616437694,4.39,3.35,7
20,34,5,0.8043478260869565,0,0,0.049959910314302594,0.0720076616437694,4.39,3.35,7
21,35,6,0.5869565217391305,0,0,0.049959910314302594,0.0720076616437694,4.39,3.35,7
22,36,0,0.8043478260869565,10,5,0.04835863113756213,0.0685457548339728,4.38,3.75,7
23,37,1,0.8913043478260869,18,1,0.049749003945422,0.07003862404442979,4.32,3.71,7
24,38,2,0.9565217391304348,12,4,0.049503486239195,0.07148597466477247,4.32,3.58,7
25,39,3,0.9130434782608695,12,4,0.05154265376141369,0.07462286679618736,4.21,3.45,7
26,40,4,0.9130434782608695,14,3,0.05284074377069913,0.07666500047637569,4.14,3.36,7
27,41,5,0.782608695652174,0,0,0.05284074377069913,0.07666500047637569,4.14,3.36,7
0,14,6,0.4782608695652174,0,0,0.03313913321318351,0.06536751236661975,4.65,3.78,8
1,15,0,0.782608695652174,16,2,0.029507447381601753,0.06183413331977545,4.74,3.88,8
2,16,1,0.9130434782608695,10,5,0.027615944344319587,0.0641489843785579,4.81,3.42,8
3,17,2,0.8478260869565217,8,6,0.02834117286502352,0.06760589503938279,4.66,2.99,8
4,18,3,0.8478260869565217,18,1,0.032929740364728885,0.0677639456092967,4.53,2.93,8
5,19,4,0.8913043478260869,12,4,0.032223137058692335,0.07574336675891748,4.45,3.13,8
6,20,5,0.717391304347826,0,0,0.032223137058692335,0.07574336675891748,4.45,3.13,8
7,21,6,0.5217391304347826,0,0,0.032223137058692335,0.07574336675891748,4.45,3.13,8
8,22,0,0.7391304347826086,8,6,0.030946973214783728,0.06804065149529875,4.67,3.64,8
9,23,1,0.9565217391304348,8,6,0.029768040901839585,0.06525166015852649,4.7,4.17,8
10,24,2,0.9130434782608695,12,4,0.03183356511418895,0.06608812724267733,4.49,3.93,8
11,25,3,0.8695652173913043,12,4,0.03371421813403596,0.06783137741082298,4.45,3.72,8
12,26,4,0.9130434782608695,8,6,0.033632981076997255,0.07090681815364751,4.44,3.52,8
13,27,5,0.8478260869565217,0,0,0.033632981076997255,0.07090681815364751,4.44,3.52,8
14,28,6,0.7608695652173914,0,0,0.033632981076997255,0.07090681815364751,4.44,3.52,8
15,29,0,0.8695652173913043,12,4,0.03228859240524128,0.0722862417892762,4.59,3.44,8
16,30,1,0.8260869565217391,10,5,0.03331472055670562,0.07651566325794357,4.61,3.45,8
17,31,2,0.9565217391304348,14,3,0.03284326383919961,0.0789358051596777,4.71,3.34,8
18,32,3,0.9347826086956522,16,2,0.036400077460022995,0.07908262630058545,4.51,3.26,8
19,33,4,0.9565217391304348,8,6,0.03772716452307803,0.08304613880367184,4.43,3.07,8
20,34,5,0.8043478260869565,0,0,0.03772716452307803,0.08304613880367184,4.43,3.07,8
21,35,6,0.6956521739130435,0,0,0.03772716452307803,0.08304613880367184,4.43,3.07,8
22,36,0,0.8913043478260869,10,5,0.03651796053195374,0.08049655283661902,4.46,3.45,8
23,37,1,0.8695652173913043,18,1,0.040475147965250854,0.08074591967890407,4.28,3.41,8
24,38,2,0.9565217391304348,12,4,0.04095143727217518,0.08193744549146063,4.21,3.29,8
25,39,3,0.8913043478260869,12,4,0.043851817088332586,0.08432064615017448,4.11,3.17,8
26,40,4,0.8695652173913043,14,3,0.04372699984525269,0.08531388146655418,4.14,3.09,8
27,41,5,0.717391304347826,0,0,0.04372699984525269,0.08531388146655418,4.14,3.09,8
0,14,6,0.5217391304347826,0,0,0.03703741325748274,0.10489271445692885,4.1,3.38,9
1,15,0,0.8478260869565217,16,2,0.03297851865392299,0.09922283799979756,4.14,3.67,9
2,16,1,0.8043478260869565,10,5,0.03405229533312309,0.09983724032912875,4.05,3.23,9
3,17,2,0.8260869565217391,8,6,0.03239120775589757,0.09458421421023692,4.05,3.49,9
4,18,3,0.9130434782608695,18,1,0.036726530475306975,0.09716673543138991,3.9,3.42,9
5,19,4,0.8043478260869565,12,4,0.03788777316158811,0.09454606338272152,3.84,3.16,9
6,20,5,0.6739130434782609,0,0,0.03788777316158811,0.09454606338272152,3.84,3.16,9
7,21,6,0.5,0,0,0.03788777316158811,0.09454606338272152,3.84,3.16,9
8,22,0,0.6304347826086957,8,6,0.03638726729380244,0.08493120947939391,3.96,3.59,9
9,23,1,0.8695652173913043,8,6,0.03500108568260997,0.07709140552744985,3.99,4.01,9
10,24,2,0.9565217391304348,12,4,0.03573546232677075,0.07976800022245242,3.88,3.78,9
11,25,3,0.9347826086956522,12,4,0.03963026265672149,0.08094109867441543,3.72,3.57,9
12,26,4,0.8913043478260869,8,6,0.03952458941643083,0.08613547086201907,3.68,3.41,9
13,27,5,0.7391304347826086,0,0,0.03952458941643083,0.08613547086201907,3.68,3.41,9
14,28,6,0.5652173913043478,0,0,0.03952458941643083,0.08613547086201907,3.68,3.41,9
15,29,0,0.782608695652174,12,4,0.0376572859794341,0.08198436383252418,3.74,3.59,9
16,30,1,0.9130434782608695,10,5,0.036230873631728264,0.08508900371452621,3.9,3.72,9
17,31,2,0.8695652173913043,14,3,0.038479291368915425,0.08544898519293105,3.78,3.6,9
18,32,3,0.782608695652174,16,2,0.03969123035375981,0.08608314335518297,3.78,3.52,9
19,33,4,0.8695652173913043,8,6,0.03863980703313041,0.08812712867765317,3.8,3.58,9
20,34,5,0.6739130434782609,0,0,0.03863980703313041,0.08812712867765317,3.8,3.58,9
21,35,6,0.5434782608695652,0,0,0.03863980703313041,0.08812712867765317,3.8,3.58,9
22,36,0,0.717391304347826,10,5,0.03740135167950444,0.08389024749122753,3.83,3.98,9
23,37,1,0.8913043478260869,18,1,0.03792553980266251,0.0853273958576283,3.89,3.94,9
24,38,2,0.8695652173913043,12,4,0.03871072949073962,0.08461268550765726,3.86,3.79,9
25,39,3,0.8260869565217391,12,4,0.039796773634128174,0.08666025203567437,3.84,3.66,9
26,40,4,0.8478260869565217,14,3,0.040002598135099744,0.08693515949581154,3.8,3.57,9
27,41,5,0.6739130434782609,0,0,0.040002598135099744,0.08693515949581154,3.8,3.57,9
0,14,6,0.5,0,0,0.0392001913603097,0.079415835337751,4.8,2.99,10
1,15,0,0.8043478260869565,16,2,0.034904279978357954,0.07512308748165634,4.79,3.14,10
2,16,1,0.9130434782608695,10,5,0.03323738433549522,0.0844899608911408,4.74,2.88,10
3,17,2,0.8913043478260869,8,6,0.034469155248658935,0.08922830794000425,4.79,3.3,10
4,18,3,0.8695652173913043,18,1,0.04157291268687731,0.09212584882367685,4.45,3.23,10
5,19,4,0.8695652173913043,12,4,0.04160400134075345,0.09522384182116123,4.43,2.99,10
6,20,5,0.6739130434782609,0,0,0.04160400134075345,0.09522384182116123,4.43,2.99,10
7,21,6,0.5,0,0,0.04160400134075345,0.09522384182116123,4.43,2.99,10
8,22,0,0.6739130434782609,8,6,0.03995631811933747,0.08554006129697533,4.44,3.78,10
9,23,1,0.9347826086956522,8,6,0.03843417266717223,0.077644055638793,4.51,4.11,10
10,24,2,0.9782608695652174,12,4,0.040694860544917916,0.081829629641046,4.35,3.87,10
11,25,3,0.9347826086956522,12,4,0.04554043156501962,0.08534228270022277,4.18,3.66,10
12,26,4,0.8695652173913043,8,6,0.04498471652751134,0.08759833543348282,4.13,3.48,10
13,27,5,0.782608695652174,0,0,0.04498471652751134,0.08759833543348282,4.13,3.48,10
14,28,6,0.6956521739130435,0,0,0.04498471652751134,0.08759833543348282,4.13,3.48,10
15,29,0,0.8913043478260869,12,4,0.042859454329361196,0.0851431004533901,4.37,3.54,10
16,30,1,0.8043478260869565,10,5,0.04360365918271073,0.08717085969590542,4.3,3.34,10
17,31,2,0.8260869565217391,14,3,0.04260995868081307,0.08804248887102252,4.26,3.23,10
18,32,3,0.8695652173913043,16,2,0.043656967314050506,0.0904840544305641,4.14,3.16,10
19,33,4,0.8695652173913043,8,6,0.042976948423678274,0.08981135755444739,4.09,3.17,10
20,34,5,0.6739130434782609,0,0,0.042976948423678274,0.08981135755444739,4.09,3.17,10
21,35,6,0.4782608695652174,0,0,0.042976948423678274,0.08981135755444739,4.09,3.17,10
22,36,0,0.6956521739130435,10,5,0.04159948212804756,0.08549350382586818,4.1,3.36,10
23,37,1,0.9130434782608695,18,1,0.04015939964272799,0.08494958864035274,4.11,3.33,10
24,38,2,0.9130434782608695,12,4,0.04134357026717787,0.08638911797034705,4.03,3.2,10
25,39,3,0.8913043478260869,12,4,0.04235003724966937,0.08827918430315611,3.99,3.09,10
26,40,4,0.9130434782608695,14,3,0.04429997714413819,0.08857825913183025,3.91,3.17,10
27,41,5,0.717391304347826,0,0,0.04429997714413819,0.08857825913183025,3.91,3.17,10
0,14,6,0.4782608695652174,0,0,0.04049498052601399,0.057984641872311816,3.83,4.89,11
1,15,0,0.782608695652174,16,2,0.03605717444097136,0.0548503369062409,4.25,5.46,11
2,16,1,0.8913043478260869,10,5,0.033745817105011656,0.05683150874505701,4.31,5.64,11
3,17,2,0.9347826086956522,8,6,0.035422390217814737,0.05711948802434377,4.34,4.93,11
4,18,3,0.9347826086956522,18,1,0.04126037429579514,0.05603068145537167,4.05,4.83,11
5,19,4,0.9565217391304348,12,4,0.04487930125180441,0.058494616930727314,3.88,4.47,11
6,20,5,0.8043478260869565,0,0,0.04487930125180441,0.058494616930727314,3.88,4.47,11
7,21,6,0.6304347826086957,0,0,0.04487930125180441,0.058494616930727314,3.88,4.47,11
8,22,0,0.782608695652174,8,6,0.043101903182426016,0.05254601181912793,3.92,5.48,11
9,23,1,0.9347826086956522,8,6,0.04145992591833359,0.05230557732104971,3.92,5.55,11
10,24,2,0.9347826086956522,12,4,0.04377350743714899,0.051826305688380286,3.95,5.23,11
11,25,3,0.9347826086956522,12,4,0.04568824838067122,0.05491106361574041,3.86,4.94,11
12,26,4,0.8913043478260869,8,6,0.046270221732938335,0.06184996081844144,3.85,4.57,11
13,27,5,0.7608695652173914,0,0,0.046270221732938335,0.06184996081844144,3.85,4.57,11
14,28,6,0.6521739130434783,0,0,0.046270221732938335,0.06184996081844144,3.85,4.57,11
15,29,0,0.8695652173913043,12,4,0.04408422700539794,0.05886923981514306,4.01,4.87,11
16,30,1,0.9130434782608695,10,5,0.04422800733955916,0.06367382058877656,3.97,4.59,11
17,31,2,0.8913043478260869,14,3,0.04651982706567905,0.0659393917141819,3.85,4.44,11
18,32,3,0.9130434782608695,16,2,0.048977362594036525,0.06749438580864782,3.78,4.34,11
19,33,4,0.8913043478260869,8,6,0.0486010760579874,0.07079707564253039,3.83,4.08,11
20,34,5,0.8260869565217391,0,0,0.0486010760579874,0.07079707564253039,3.83,4.08,11
21,35,6,0.6304347826086957,0,0,0.0486010760579874,0.07079707564253039,3.83,4.08,11
22,36,0,0.8043478260869565,10,5,0.047043349261257035,0.06739337008279335,3.93,4.5,11
23,37,1,0.9130434782608695,18,1,0.047369558348456985,0.06691510946932033,3.92,4.46,11
24,38,2,0.9347826086956522,12,4,0.04845670558642051,0.07020555773688392,3.83,4.29,11
25,39,3,0.9130434782608695,12,4,0.049201870393973134,0.0696195558053587,3.74,4.14,11
26,40,4,0.8913043478260869,14,3,0.048870352049240305,0.07167337465655703,3.68,4.03,11
27,41,5,0.6956521739130435,0,0,0.048870352049240305,0.07167337465655703,3.68,4.03,11
0,14,6,0.5217391304347826,0,0,0.04433883361677406,0.05639814135727681,3.35,5.46,12
1,15,0,0.8260869565217391,16,2,0.03947978335740156,0.05334959317580239,4.5,5.63,12
2,16,1,0.8913043478260869,10,5,0.03920108070388221,0.056841625842443386,4.42,4.96,12
3,17,2,0.9565217391304348,8,6,0.03862658494689175,0.061841556917545754,4.43,4.34,12
4,18,3,0.9130434782608695,18,1,0.042668605464720684,0.06153314990641944,4.18,4.25,12
5,19,4,0.6956521739130435,12,4,0.04422918581371819,0.06505338267953985,3.99,3.93,12
6,20,5,0.5869565217391305,0,0,0.04422918581371819,0.06505338267953985,3.99,3.93,12
7,21,6,0.45652173913043476,0,0,0.04422918581371819,0.06505338267953985,3.99,3.93,12
8,22,0,0.6521739130434783,8,6,0.04247753489040262,0.058437784440942574,4.06,4.26,12
9,23,1,0.8913043478260869,8,6,0.04085934308505394,0.0530435274156248,4.1,5.14,12
10,24,2,0.8913043478260869,12,4,0.04222022828681883,0.059491754508614256,3.98,4.84,12
11,25,3,0.9782608695652174,12,4,0.042909379679579064,0.06354102372640537,3.91,4.57,12
12,26,4,0.9130434782608695,8,6,0.045636628312986455,0.07055705198512745,3.92,4.23,12
13,27,5,0.6956521739130435,0,0,0.045636628312986455,0.07055705198512745,3.92,4.23,12
14,28,6,0.6086956521739131,0,0,0.045636628312986455,0.07055705198512745,3.92,4.23,12
15,29,0,0.8478260869565217,12,4,0.043480567132845364,0.0671567121304225,4.09,4.43,12
16,30,1,0.9782608695652174,10,5,0.04265261817098965,0.07182476050644696,4.22,4.48,12
17,31,2,0.9347826086956522,14,3,0.04487152681271507,0.0734185383792789,4.08,4.33,12
18,32,3,0.9130434782608695,16,2,0.04637084183006781,0.07499344756187769,4.01,4.31,12
19,33,4,0.8695652173913043,8,6,0.04594622784147935,0.07619704460220897,4.01,4.05,12
20,34,5,0.8043478260869565,0,0,0.04594622784147935,0.07619704460220897,4.01,4.05,12
21,35,6,0.6739130434782609,0,0,0.04594622784147935,0.07619704460220897,4.01,4.05,12
22,36,0,0.8913043478260869,10,5,0.044473592333739626,0.0725337251501797,4.0,4.26,12
23,37,1,0.9130434782608695,18,1,0.047576739370503184,0.07336260962460588,3.89,4.22,12
24,38,2,0.9347826086956522,12,4,0.04760821622707023,0.07414401939646298,3.89,4.06,12
25,39,3,0.8913043478260869,12,4,0.04868455707251996,0.07553753769093931,3.84,3.92,12
26,40,4,0.8913043478260869,14,3,0.04930175260617849,0.07715492196912384,3.79,3.82,12
27,41,5,0.717391304347826,0,0,0.04930175260617849,0.07715492196912384,3.79,3.82,12
0,14,6,0.4782608695652174,0,0,0.033475987753181356,0.0526824086873223,3.96,5.57,13
1,15,0,0.7608695652173914,16,2,0.029807386355572438,0.04983471092044002,3.96,5.58,13
2,16,1,0.9130434782608695,10,5,0.02789665646098446,0.05556217725188742,3.93,6.54,13
3,17,2,0.8260869565217391,8,6,0.029903996220313336,0.06377514019537062,4.11,5.73,13
4,18,3,0.9130434782608695,18,1,0.032195869137026004,0.06477489492481708,3.92,5.61,13
5,19,4,0.9130434782608695,12,4,0.03586053615791031,0.06542097469915562,3.86,5.19,13
6,20,5,0.7608695652173914,0,0,0.03586053615791031,0.06542097469915562,3.86,5.19,13
7,21,6,0.5,0,0,0.03586053615791031,0.06542097469915562,3.86,5.19,13
8,22,0,0.6739130434782609,8,6,0.03444031690413168,0.05876799422127538,3.92,6.12,13
9,23,1,0.9347826086956522,8,6,0.03312830483159333,0.05334325629315765,4.01,6.48,13
10,24,2,0.8913043478260869,12,4,0.03619697786805857,0.05688352824982772,3.86,6.1,13
11,25,3,0.9565217391304348,12,4,0.036804762548273785,0.06224145055164344,3.75,5.77,13
12,26,4,0.9130434782608695,8,6,0.03810409812341288,0.06874777012921145,3.73,5.33,13
13,27,5,0.782608695652174,0,0,0.03810409812341288,0.06874777012921145,3.73,5.33,13
14,28,6,0.6956521739130435,0,0,0.03810409812341288,0.06874777012921145,3.73,5.33,13
15,29,0,0.8695652173913043,12,4,0.03630390451128314,0.06770973342071192,3.87,5.36,13
16,30,1,0.8695652173913043,10,5,0.03714471883548748,0.07121890434228893,3.87,5.06,13
17,31,2,0.9565217391304348,14,3,0.03882406910621458,0.07439851479723746,3.83,4.89,13
18,32,3,0.8695652173913043,16,2,0.04189149661737421,0.07505737614566452,3.75,4.78,13
19,33,4,0.8913043478260869,8,6,0.0418417652707532,0.07907148517894291,3.78,4.49,13
20,34,5,0.8695652173913043,0,0,0.0418417652707532,0.07907148517894291,3.78,4.49,13
21,35,6,0.6086956521739131,0,0,0.0418417652707532,0.07907148517894291,3.78,4.49,13
22,36,0,0.8260869565217391,10,5,0.04050068305053675,0.07526997146841682,3.8,4.63,13
23,37,1,0.9347826086956522,18,1,0.04290517122207538,0.07528959458569726,3.69,4.58,13
24,38,2,1.0,12,4,0.04386082733783647,0.0794885167191047,3.59,4.42,13
25,39,3,0.7391304347826086,12,4,0.04602413748719444,0.07853697652615826,3.49,4.26,13
26,40,4,0.9130434782608695,14,3,0.04432370861286706,0.0787180075603745,3.58,4.3,13
27,41,5,0.782608695652174,0,0,0.04432370861286706,0.0787180075603745,3.58,4.3,13
0,14,6,0.5217391304347826,0,0,0.04189875849911933,0.07706895664831508,3.98,4.14,14
1,15,0,0.782608695652174,16,2,0.037307113732092556,0.07290306709975751,4.19,4.54,14
2,16,1,0.8478260869565217,10,5,0.03491563208259944,0.07336146663144123,4.2,4.0,14
3,17,2,0.8695652173913043,8,6,0.0336250251489541,0.07419365496845043,4.23,3.5,14
4,18,3,0.8695652173913043,18,1,0.03742486679041416,0.07446666577537618,4.18,3.43,14
5,19,4,0.8913043478260869,12,4,0.039174469852112474,0.07886812722001267,4.08,3.17,14
6,20,5,0.7391304347826086,0,0,0.039174469852112474,0.07886812722001267,4.08,3.17,14
7,21,6,0.6304347826086957,0,0,0.039174469852112474,0.07886812722001267,4.08,3.17,14
8,22,0,0.8043478260869565,8,6,0.03762300569955356,0.07084763970611309,4.07,3.82,14
9,23,1,0.8913043478260869,8,6,0.03618974833957057,0.074595717420399,4.05,3.63,14
10,24,2,0.782608695652174,12,4,0.03866858209872165,0.07855924121997154,4.02,3.42,14
11,25,3,0.9347826086956522,12,4,0.03697758197773698,0.07937086311257867,4.13,3.33,14
12,26,4,0.9130434782608695,8,6,0.03805510922599019,0.08235492128391693,4.11,3.08,14
13,27,5,0.8260869565217391,0,0,0.03805510922599019,0.08235492128391693,4.11,3.08,14
14,28,6,0.717391304347826,0,0,0.03805510922599019,0.08235492128391693,4.11,3.08,14
15,29,0,0.8478260869565217,12,4,0.036257230049959156,0.08121487210402457,4.31,3.38,14
16,30,1,0.9130434782608695,10,5,0.037070936587226176,0.08437866274737743,4.41,3.18,14
17,31,2,0.9347826086956522,14,3,0.039958690651196546,0.08760337858539556,4.25,3.08,14
18,32,3,0.8695652173913043,16,2,0.043311468591625976,0.08731233500041884,4.19,3.01,14
19,33,4,0.8043478260869565,8,6,0.042436347302117955,0.08681738932084766,4.21,2.91,14
20,34,5,0.7391304347826086,0,0,0.042436347302117955,0.08681738932084766,4.21,2.91,14
21,35,6,0.6086956521739131,0,0,0.042436347302117955,0.08681738932084766,4.21,2.91,14
22,36,0,0.9130434782608695,10,5,0.041076207965511605,0.08264347637272998,4.33,3.02,14
23,37,1,0.8913043478260869,18,1,0.043779553381954585,0.08206333109428783,4.17,2.99,14
24,38,2,0.9130434782608695,12,4,0.043561042597619226,0.08292475007878829,4.09,2.88,14
25,39,3,0.8260869565217391,12,4,0.04506244617605388,0.08317775076355322,4.09,2.78,14
26,40,4,0.8043478260869565,14,3,0.04470679630229878,0.08358169671695129,4.08,2.71,14
27,41,5,0.6739130434782609,0,0,0.04470679630229878,0.08358169671695129,4.08,2.71,14
0,14,6,0.6521739130434783,0,0,0.030881413968320223,0.07325045982229111,3.94,6.61,15
1,15,0,0.8478260869565217,16,2,0.027497149423846772,0.0758521037390052,4.03,6.25,15
2,16,1,0.8260869565217391,10,5,0.028305091583822033,0.08098964873136427,3.92,5.51,15
3,17,2,0.8913043478260869,8,6,0.026924355409001444,0.08246467560868832,3.92,4.98,15
4,18,3,0.8478260869565217,18,1,0.032295075623375066,0.08350076205525414,3.86,4.88,15
5,19,4,0.9130434782608695,12,4,0.03254162234969443,0.08879306299216042,3.95,4.63,15
6,20,5,0.8043478260869565,0,0,0.03254162234969443,0.08879306299216042,3.95,4.63,15
7,21,6,0.5869565217391305,0,0,0.03254162234969443,0.08879306299216042,3.95,4.63,15
8,22,0,0.7608695652173914,8,6,0.03125284522693426,0.07976325997600851,4.01,4.86,15
9,23,1,0.9782608695652174,8,6,0.030062260646860572,0.07841345048632996,4.07,4.98,15
10,24,2,0.8913043478260869,12,4,0.03477506839850676,0.07889209587051918,3.9,4.69,15
11,25,3,0.8478260869565217,12,4,0.03602295952848886,0.08474261920617707,3.86,4.63,15
12,26,4,0.9565217391304348,8,6,0.03483336637415318,0.08615158729144833,4.03,4.28,15
13,27,5,0.782608695652174,0,0,0.03483336637415318,0.08615158729144833,4.03,4.28,15
14,28,6,0.6086956521739131,0,0,0.03483336637415318,0.08615158729144833,4.03,4.28,15
15,29,0,0.8913043478260869,12,4,0.033187695521830984,0.08199970356655925,4.1,4.38,15
16,30,1,0.8913043478260869,10,5,0.033413351194017275,0.08652229664109207,4.09,4.13,15
17,31,2,1.0,14,3,0.03457246210983096,0.08997856086443136,4.0,4.16,15
18,32,3,0.8478260869565217,16,2,0.038245003092874555,0.08827888400926384,3.87,4.07,15
19,33,4,0.9130434782608695,8,6,0.03742640305574854,0.0893445978540568,3.93,4.23,15
20,34,5,0.8695652173913043,0,0,0.03742640305574854,0.0893445978540568,3.93,4.23,15
21,35,6,0.6956521739130435,0,0,0.03742640305574854,0.0893445978540568,3.93,4.23,15
22,36,0,0.8695652173913043,10,5,0.03622683885524378,0.08534556384798188,4.08,4.45,15
23,37,1,0.8913043478260869,18,1,0.03924727826339822,0.08606451440799229,3.97,4.4,15
24,38,2,0.9347826086956522,12,4,0.04009293454265733,0.08816819454807209,3.9,4.24,15
25,39,3,0.8260869565217391,12,4,0.042558417144716976,0.08869314727242555,3.81,4.09,15
26,40,4,0.8478260869565217,14,3,0.042908453895600836,0.08992021052235825,3.84,3.99,15
27,41,5,0.717391304347826,0,0,0.042908453895600836,0.08992021052235825,3.84,3.99,15
0,14,6,0.5217391304347826,0,0,0.03401920154575578,0.06317526467084435,4.56,3.49,16
1,15,0,0.8478260869565217,16,2,0.030291069869508573,0.05976038549944736,4.89,4.13,16
2,16,1,0.9782608695652174,10,5,0.031244354061100016,0.07149635887888622,5.1,3.64,16
3,17,2,0.8913043478260869,8,6,0.03576874479208566,0.07610742776690556,4.9,3.18,16
4,18,3,0.8695652173913043,18,1,0.03630397901638387,0.07811623093543672,4.57,3.12,16
5,19,4,0.8260869565217391,12,4,0.03900365352637979,0.07812650575048839,4.46,2.88,16
6,20,5,0.717391304347826,0,0,0.03900365352637979,0.07812650575048839,4.46,2.88,16
7,21,6,0.5869565217391305,0,0,0.03900365352637979,0.07812650575048839,4.46,2.88,16
8,22,0,0.8260869565217391,8,6,0.0374589543768202,0.07018143736908279,4.55,3.77,16
9,23,1,0.9347826086956522,8,6,0.036031946591036576,0.07907255222564709,4.72,3.99,16
10,24,2,0.8695652173913043,12,4,0.038513281500718664,0.08003188166603867,4.59,3.76,16
11,25,3,0.9782608695652174,12,4,0.03978265783732376,0.08235330975142377,4.53,3.55,16
12,26,4,0.8695652173913043,8,6,0.04068073668835565,0.0866050751549642,4.41,3.28,16
13,27,5,0.717391304347826,0,0,0.04068073668835565,0.0866050751549642,4.41,3.28,16
14,28,6,0.5869565217391305,0,0,0.04068073668835565,0.0866050751549642,4.41,3.28,16
15,29,0,0.8260869565217391,12,4,0.03875881212040184,0.08243133659327917,4.46,3.42,16
16,30,1,0.9565217391304348,10,5,0.038683629609238795,0.08570687543302441,4.46,3.23,16
17,31,2,0.8695652173913043,14,3,0.04207276146368492,0.08608562164860221,4.3,3.12,16
18,32,3,0.9130434782608695,16,2,0.0434750926229542,0.08590879153206932,4.18,3.05,16
19,33,4,0.9130434782608695,8,6,0.04381053768923085,0.0869183981888295,4.14,2.87,16
20,34,5,0.7608695652173914,0,0,0.04381053768923085,0.0869183981888295,4.14,2.87,16
21,35,6,0.6304347826086957,0,0,0.04381053768923085,0.0869183981888295,4.14,2.87,16
22,36,0,0.7608695652173914,10,5,0.04240635378893499,0.08273962904513578,4.17,3.3,16
23,37,1,0.9782608695652174,18,1,0.042450139219950334,0.08411631521611442,4.19,3.27,16
24,38,2,0.8913043478260869,12,4,0.044877567407220736,0.08387731344809118,4.12,3.15,16
25,39,3,0.9130434782608695,12,4,0.04505758693248904,0.08766276898184164,4.11,3.04,16
26,40,4,0.8478260869565217,14,3,0.045961623504551685,0.08799422806790892,4.0,2.96,16
27,41,5,0.7391304347826086,0,0,0.045961623504551685,0.08799422806790892,4.0,2.96,16
0,14,6,0.5434782608695652,0,0,0.038034996935070425,0.06879946221246462,4.12,4.65,17
1,15,0,0.8478260869565217,16,2,0.033866778092870926,0.0650805723631422,4.36,5.55,17
2,16,1,0.9130434782608695,10,5,0.033389177379053205,0.07306288471330256,4.27,5.18,17
3,17,2,0.9347826086956522,8,6,0.03381883657790369,0.07858367706065766,4.19,4.53,17
4,18,3,0.8695652173913043,18,1,0.039504693059958844,0.07797965959466335,3.98,4.44,17
5,19,4,0.8913043478260869,12,4,0.041094787862652644,0.08661494708717893,4.0,4.1,17
6,20,5,0.7391304347826086,0,0,0.041094787862652644,0.08661494708717893,4.0,4.1,17
7,21,6,0.6304347826086957,0,0,0.041094787862652644,0.08661494708717893,4.0,4.1,17
8,22,0,0.8043478260869565,8,6,0.0394672715116565,0.07780664738339803,3.94,4.49,17
9,23,1,0.8695652173913043,8,6,0.037963756406450534,0.07822360099705396,3.95,4.26,17
10,24,2,0.8913043478260869,12,4,0.03955793211997726,0.07991823929521864,3.91,4.02,17
11,25,3,0.9130434782608695,12,4,0.03986194444171512,0.08230108345038689,3.82,3.8,17
12,26,4,0.8913043478260869,8,6,0.04076248178247685,0.08808668863899612,3.76,3.51,17
13,27,5,0.6521739130434783,0,0,0.04076248178247685,0.08808668863899612,3.76,3.51,17
14,28,6,0.5,0,0,0.04076248178247685,0.08808668863899612,3.76,3.51,17
15,29,0,0.8043478260869565,12,4,0.03883669524157243,0.08384154701783968,3.77,3.95,17
16,30,1,0.8913043478260869,10,5,0.037854528836903795,0.08409091627792578,3.74,3.72,17
17,31,2,0.7608695652173914,14,3,0.04098924423779695,0.08677579751063322,3.7,3.6,17
18,32,3,0.8478260869565217,16,2,0.04089653162975847,0.08910383651758808,3.67,3.59,17
19,33,4,0.8260869565217391,8,6,0.04027197910213411,0.089326943594259,3.65,3.38,17
20,34,5,0.717391304347826,0,0,0.04027197910213411,0.089326943594259,3.65,3.38,17
21,35,6,0.43478260869565216,0,0,0.04027197910213411,0.089326943594259,3.65,3.38,17
22,36,0,0.5869565217391305,10,5,0.03898121054116828,0.08503237899838115,3.67,3.82,17
23,37,1,0.9347826086956522,18,1,0.03685496269346819,0.08422254681744419,3.76,3.84,17
24,38,2,0.8695652173913043,12,4,0.03976331956231756,0.08312576540304618,3.68,3.7,17
25,39,3,0.8913043478260869,12,4,0.039705570777312016,0.08611612618127706,3.65,3.57,17
26,40,4,0.8260869565217391,14,3,0.0417530715427894,0.08522850332375023,3.58,3.47,17
27,41,5,0.6521739130434783,0,0,0.0417530715427894,0.08522850332375023,3.58,3.47,17
0,14,6,0.7391304347826086,0,0,0.03313013096000472,0.06013487148624713,4.4,5.5,18
1,15,0,0.9130434782608695,16,2,0.03300079119943249,0.0665463958156575,4.75,5.2,18
2,16,1,0.8478260869565217,10,5,0.03532687195890301,0.0758796631716257,4.76,4.58,18
3,17,2,0.8043478260869565,8,6,0.034320269650168794,0.08856653697669052,4.9,4.01,18
4,18,3,0.9347826086956522,18,1,0.03715042514569328,0.09144147352319176,4.74,3.93,18
5,19,4,0.9347826086956522,12,4,0.03906954420296076,0.09585034478156702,4.57,3.63,18
6,20,5,0.782608695652174,0,0,0.03906954420296076,0.09585034478156702,4.57,3.63,18
7,21,6,0.6304347826086957,0,0,0.03906954420296076,0.09585034478156702,4.57,3.63,18
8,22,0,0.8043478260869565,8,6,0.03752223552165538,0.08610285209191613,4.62,4.09,18
9,23,1,0.9347826086956522,8,6,0.03609281702559232,0.08873961076461753,4.59,4.05,18
10,24,2,0.9565217391304348,12,4,0.040108897623554844,0.08945297778448034,4.4,3.82,18
11,25,3,0.8913043478260869,12,4,0.04320547289293999,0.08833993812984098,4.41,3.61,18
12,26,4,0.9130434782608695,8,6,0.04270286367470172,0.0918938547677317,4.49,3.33,18
13,27,5,0.7608695652173914,0,0,0.04270286367470172,0.0918938547677317,4.49,3.33,18
14,28,6,0.6304347826086957,0,0,0.04270286367470172,0.0918938547677317,4.49,3.33,18
15,29,0,0.9130434782608695,12,4,0.040685405548337855,0.08746523526085306,4.58,3.49,18
16,30,1,0.8260869565217391,10,5,0.04253683447467139,0.08933126788990743,4.54,3.29,18
17,31,2,0.8913043478260869,14,3,0.04151807078144677,0.08963013436567836,4.58,3.18,18
18,32,3,0.9130434782608695,16,2,0.04436735357676131,0.08899629249563068,4.42,3.11,18
19,33,4,0.8260869565217391,8,6,0.045238534584284666,0.09236268900938474,4.37,2.92,18
20,34,5,0.717391304347826,0,0,0.045238534584284666,0.09236268900938474,4.37,2.92,18
21,35,6,0.6304347826086957,0,0,0.045238534584284666,0.09236268900938474,4.37,2.92,18
22,36,0,0.8043478260869565,10,5,0.04378858155273708,0.08792217511470278,4.36,3.57,18
23,37,1,0.9565217391304348,18,1,0.04478705896270558,0.08926700914873745,4.28,3.54,18
24,38,2,0.8260869565217391,12,4,0.04687444345829552,0.08845538256573032,4.2,3.41,18
25,39,3,0.9347826086956522,12,4,0.046603441810694986,0.08885813939759109,4.15,3.29,18
26,40,4,0.8043478260869565,14,3,0.04806143273037023,0.08974315429279624,4.03,3.28,18
27,41,5,0.6956521739130435,0,0,0.04806143273037023,0.08974315429279624,4.03,3.28,18
0,14,6,0.5217391304347826,0,0,0.030009238002505902,0.07978694021411885,4.27,4.18,19
1,15,0,0.8260869565217391,16,2,0.026720554385792926,0.07547413263497728,4.18,4.31,19
2,16,1,0.8260869565217391,10,5,0.02755209644438557,0.06992526065724977,4.12,3.8,19
3,17,2,0.8913043478260869,8,6,0.026208091739781395,0.07334180130346392,4.15,4.26,19
4,18,3,0.8043478260869565,18,1,0.03295674930899722,0.07353791690145987,3.88,4.18,19
5,19,4,0.8260869565217391,12,4,0.03228837004518116,0.07958246676091664,3.96,4.17,19
6,20,5,0.717391304347826,0,0,0.03228837004518116,0.07958246676091664,3.96,4.17,19
7,21,6,0.5652173913043478,0,0,0.03228837004518116,0.07958246676091664,3.96,4.17,19
8,22,0,0.8043478260869565,8,6,0.031009622716659135,0.07148933454794207,3.91,4.7,19
9,23,1,0.9130434782608695,8,6,0.0298283037560245,0.06855738013462656,3.87,4.68,19
10,24,2,0.8260869565217391,12,4,0.0329514016837106,0.06881107016478484,3.75,4.41,19
11,25,3,0.8043478260869565,12,4,0.032765875347917785,0.06913701864430108,3.95,4.3,19
12,26,4,0.9130434782608695,8,6,0.03168270591492877,0.0688630541130643,4.11,4.06,19
13,27,5,0.7608695652173914,0,0,0.03168270591492877,0.0688630541130643,4.11,4.06,19
14,28,6,0.6739130434782609,0,0,0.03168270591492877,0.0688630541130643,4.11,4.06,19
15,29,0,0.8695652173913043,12,4,0.03018588516304237,0.06629201188789571,4.11,4.38,19
16,30,1,0.8913043478260869,10,5,0.03065372403970124,0.06599342321772211,4.1,4.13,19
17,31,2,0.9130434782608695,14,3,0.03275552446543293,0.06886650051518621,4.05,3.99,19
18,32,3,0.782608695652174,16,2,0.03667945419588023,0.06952379114907795,3.88,3.91,19
19,33,4,0.8913043478260869,8,6,0.03570781302512843,0.06887362251307767,3.9,4.04,19
20,34,5,0.7391304347826086,0,0,0.03570781302512843,0.06887362251307767,3.9,4.04,19
21,35,6,0.5,0,0,0.03570781302512843,0.06887362251307767,3.9,4.04,19
22,36,0,0.6956521739130435,10,5,0.0345633318384256,0.0655623906614874,3.95,4.31,19
23,37,1,0.9782608695652174,18,1,0.03414395527744567,0.06494989058680972,3.92,4.27,19
24,38,2,0.9347826086956522,12,4,0.03657844465327441,0.06822931556300028,3.81,4.11,19
25,39,3,0.8913043478260869,12,4,0.03709586986506699,0.07166776273368515,3.79,3.97,19
26,40,4,0.8695652173913043,14,3,0.037549720787357056,0.07138598182440413,3.74,3.87,19
27,41,5,0.7608695652173914,0,0,0.037549720787357056,0.07138598182440413,3.74,3.87,19
0,14,6,0.6086956521739131,0,0,0.038935182410950585,0.0779247420714549,4.42,3.41,20
1,15,0,0.8913043478260869,16,2,0.03466831310564093,0.07371259385137625,4.63,3.49,20
2,16,1,0.8043478260869565,10,5,0.03472299706269197,0.07865757573154498,4.76,3.08,20
3,17,2,0.9130434782608695,8,6,0.03302919232792651,0.08495994698816922,4.79,3.0,20
4,18,3,0.8913043478260869,18,1,0.04084979306014603,0.08717338245377965,4.52,2.94,20
5,19,4,0.9130434782608695,12,4,0.04341224743778371,0.09151557191401224,4.45,2.72,20
6,20,5,0.6956521739130435,0,0,0.04341224743778371,0.09151557191401224,4.45,2.72,20
7,21,6,0.5434782608695652,0,0,0.04341224743778371,0.09151557191401224,4.45,2.72,20
8,22,0,0.7608695652173914,8,6,0.04169295050955466,0.08220890358377371,4.42,3.24,20
9,23,1,0.8695652173913043,8,6,0.040104647633000194,0.08185865031014966,4.46,3.28,20
10,24,2,0.9347826086956522,12,4,0.040283768820818744,0.08046975804996065,4.4,3.17,20
11,25,3,0.8913043478260869,12,4,0.042107376756890615,0.08581937571425528,4.3,3.0,20
12,26,4,0.8695652173913043,8,6,0.04172906923880913,0.091570750398988,4.23,2.77,20
13,27,5,0.7608695652173914,0,0,0.04172906923880913,0.091570750398988,4.23,2.77,20
14,28,6,0.6086956521739131,0,0,0.04172906923880913,0.091570750398988,4.23,2.77,20
15,29,0,0.8695652173913043,12,4,0.03975761714878666,0.08715770218698858,4.27,3.01,20
16,30,1,0.8913043478260869,10,5,0.039757938709499674,0.0895557775421218,4.24,2.84,20
17,31,2,0.8260869565217391,14,3,0.0418603502124567,0.09010523455674412,4.11,2.75,20
18,32,3,0.8043478260869565,16,2,0.04323648273290941,0.09096959748916841,3.99,2.69,20
19,33,4,0.8695652173913043,8,6,0.042091145441971414,0.08974671428404048,4.01,2.68,20
20,34,5,0.6739130434782609,0,0,0.042091145441971414,0.08974671428404048,4.01,2.68,20
21,35,6,0.5869565217391305,0,0,0.042091145441971414,0.08974671428404048,4.01,2.68,20
22,36,0,0.717391304347826,10,5,0.04074207026754925,0.08543196840500007,4.01,2.91,20
23,37,1,0.9347826086956522,18,1,0.04009022038917567,0.08522426580076023,3.99,2.88,20
24,38,2,0.8913043478260869,12,4,0.041719717084535,0.087460843489892,3.95,2.77,20
25,39,3,0.8478260869565217,12,4,0.04179022864522912,0.08865240237183102,3.89,2.68,20
26,40,4,0.8043478260869565,14,3,0.042524292420403856,0.08683552406334251,3.92,2.61,20
27,41,5,0.6739130434782609,0,0,0.042524292420403856,0.08683552406334251,3.92,2.61,20
